{
  "id": {
    "id": 1.0,
    "Soil_pH": 0.0012975090578478028,
    "Soil_Moisture": 0.0007733537320673926,
    "Organic_Carbon": 0.00038958680023445854,
    "Electrical_Conductivity": -0.0012126744188639584,
    "Temperature_C": 0.0015053073172114487,
    "Humidity": 0.0016687868397593675,
    "Rainfall_mm": 0.0002446456045464917,
    "Sunlight_Hours": 0.0004677935038851357,
    "Wind_Speed_kmh": 0.00014238303468875916,
    "Field_Area_hectare": 0.0009602819579060528,
    "Previous_Irrigation_mm": 2.5500094632834036e-05
  },
  "Soil_pH": {
    "id": 0.0012975090578478028,
    "Soil_pH": 1.0,
    "Soil_Moisture": -0.0035474327155384376,
    "Organic_Carbon": -0.0029730996930838597,
    "Electrical_Conductivity": -0.0001710047974733391,
    "Temperature_C": -0.0024024446286623337,
    "Humidity": 0.0013743000067824149,
    "Rainfall_mm": -0.004799393296797891,
    "Sunlight_Hours": 0.0005858211062352646,
    "Wind_Speed_kmh": 0.002978208876164479,
    "Field_Area_hectare": 0.004335137336657652,
    "Previous_Irrigation_mm": 0.002215721251812978
  },
  "Soil_Moisture": {
    "id": 0.0007733537320673926,
    "Soil_pH": -0.0035474327155384376,
    "Soil_Moisture": 1.0,
    "Organic_Carbon": -0.015072334582836033,
    "Electrical_Conductivity": -0.009135918782707116,
    "Temperature_C": -0.03789083130009061,
    "Humidity": 0.015402947038458785,
    "Rainfall_mm": 0.04447336401055792,
    "Sunlight_Hours": 0.005775930690737504,
    "Wind_Speed_kmh": -0.027864544058381093,
    "Field_Area_hectare": -0.005365251867369838,
    "Previous_Irrigation_mm": -0.023434321281471025
  },
  "Organic_Carbon": {
    "id": 0.00038958680023445854,
    "Soil_pH": -0.0029730996930838597,
    "Soil_Moisture": -0.015072334582836033,
    "Organic_Carbon": 1.0,
    "Electrical_Conductivity": 0.010919295441371565,
    "Temperature_C": -0.0019544983087431233,
    "Humidity": 0.003092607686010635,
    "Rainfall_mm": -0.017390525968002318,
    "Sunlight_Hours": -0.00043774291852793137,
    "Wind_Speed_kmh": 0.011340607504949893,
    "Field_Area_hectare": -0.006282617911721013,
    "Previous_Irrigation_mm": -0.0005488409976523236
  },
  "Electrical_Conductivity": {
    "id": -0.0012126744188639584,
    "Soil_pH": -0.0001710047974733391,
    "Soil_Moisture": -0.009135918782707116,
    "Organic_Carbon": 0.010919295441371565,
    "Electrical_Conductivity": 1.0,
    "Temperature_C": 0.00364127823655915,
    "Humidity": 0.0002563991249346135,
    "Rainfall_mm": -0.004024898118934572,
    "Sunlight_Hours": 0.00011145367814096198,
    "Wind_Speed_kmh": -0.0016372656026636034,
    "Field_Area_hectare": 0.007655578570810812,
    "Previous_Irrigation_mm": 0.0016518348370755753
  },
  "Temperature_C": {
    "id": 0.0015053073172114487,
    "Soil_pH": -0.0024024446286623337,
    "Soil_Moisture": -0.03789083130009061,
    "Organic_Carbon": -0.0019544983087431233,
    "Electrical_Conductivity": 0.00364127823655915,
    "Temperature_C": 1.0,
    "Humidity": -0.020448415916657803,
    "Rainfall_mm": -0.016766754544374065,
    "Sunlight_Hours": -0.0030492860476886104,
    "Wind_Speed_kmh": -0.0020413694156628964,
    "Field_Area_hectare": 0.01083576429114315,
    "Previous_Irrigation_mm": 0.008231874041209149
  },
  "Humidity": {
    "id": 0.0016687868397593675,
    "Soil_pH": 0.0013743000067824149,
    "Soil_Moisture": 0.015402947038458785,
    "Organic_Carbon": 0.003092607686010635,
    "Electrical_Conductivity": 0.0002563991249346135,
    "Temperature_C": -0.020448415916657803,
    "Humidity": 1.0,
    "Rainfall_mm": 0.0005960012780894115,
    "Sunlight_Hours": 0.0017860796892728659,
    "Wind_Speed_kmh": 0.011738026848006497,
    "Field_Area_hectare": 0.005705756422842786,
    "Previous_Irrigation_mm": 0.018669253346498035
  },
  "Rainfall_mm": {
    "id": 0.0002446456045464917,
    "Soil_pH": -0.004799393296797891,
    "Soil_Moisture": 0.04447336401055792,
    "Organic_Carbon": -0.017390525968002318,
    "Electrical_Conductivity": -0.004024898118934572,
    "Temperature_C": -0.016766754544374065,
    "Humidity": 0.0005960012780894115,
    "Rainfall_mm": 1.0,
    "Sunlight_Hours": -0.006218554183699352,
    "Wind_Speed_kmh": -0.032775968001975936,
    "Field_Area_hectare": -0.011578248806355829,
    "Previous_Irrigation_mm": 0.013206962092374859
  },
  "Sunlight_Hours": {
    "id": 0.0004677935038851357,
    "Soil_pH": 0.0005858211062352646,
    "Soil_Moisture": 0.005775930690737504,
    "Organic_Carbon": -0.00043774291852793137,
    "Electrical_Conductivity": 0.00011145367814096198,
    "Temperature_C": -0.0030492860476886104,
    "Humidity": 0.0017860796892728659,
    "Rainfall_mm": -0.006218554183699352,
    "Sunlight_Hours": 1.0,
    "Wind_Speed_kmh": 0.0001344813293525393,
    "Field_Area_hectare": -0.0049986441869889625,
    "Previous_Irrigation_mm": 0.0024262654644010484
  },
  "Wind_Speed_kmh": {
    "id": 0.00014238303468875916,
    "Soil_pH": 0.002978208876164479,
    "Soil_Moisture": -0.027864544058381093,
    "Organic_Carbon": 0.011340607504949893,
    "Electrical_Conductivity": -0.0016372656026636034,
    "Temperature_C": -0.0020413694156628964,
    "Humidity": 0.011738026848006497,
    "Rainfall_mm": -0.032775968001975936,
    "Sunlight_Hours": 0.0001344813293525393,
    "Wind_Speed_kmh": 1.0,
    "Field_Area_hectare": 0.009671059657909561,
    "Previous_Irrigation_mm": 0.009510408088878182
  },
  "Field_Area_hectare": {
    "id": 0.0009602819579060528,
    "Soil_pH": 0.004335137336657652,
    "Soil_Moisture": -0.005365251867369838,
    "Organic_Carbon": -0.006282617911721013,
    "Electrical_Conductivity": 0.007655578570810812,
    "Temperature_C": 0.01083576429114315,
    "Humidity": 0.005705756422842786,
    "Rainfall_mm": -0.011578248806355829,
    "Sunlight_Hours": -0.0049986441869889625,
    "Wind_Speed_kmh": 0.009671059657909561,
    "Field_Area_hectare": 1.0,
    "Previous_Irrigation_mm": 0.007173140850348093
  },
  "Previous_Irrigation_mm": {
    "id": 2.5500094632834036e-05,
    "Soil_pH": 0.002215721251812978,
    "Soil_Moisture": -0.023434321281471025,
    "Organic_Carbon": -0.0005488409976523236,
    "Electrical_Conductivity": 0.0016518348370755753,
    "Temperature_C": 0.008231874041209149,
    "Humidity": 0.018669253346498035,
    "Rainfall_mm": 0.013206962092374859,
    "Sunlight_Hours": 0.0024262654644010484,
    "Wind_Speed_kmh": 0.009510408088878182,
    "Field_Area_hectare": 0.007173140850348093,
    "Previous_Irrigation_mm": 1.0
  }
}