{
  "id": {
    "count": 630000.0,
    "mean": 314999.5,
    "std": 181865.47913224212,
    "min": 0.0,
    "25%": 157499.75,
    "50%": 314999.5,
    "75%": 472499.25,
    "max": 629999.0
  },
  "Soil_pH": {
    "count": 630000.0,
    "mean": 6.482497190476191,
    "std": 0.9225044194494998,
    "min": 4.8,
    "25%": 5.69,
    "50%": 6.44,
    "75%": 7.27,
    "max": 8.2
  },
  "Soil_Moisture": {
    "count": 630000.0,
    "mean": 37.30448158730159,
    "std": 16.377082267642393,
    "min": 8.0,
    "25%": 23.34,
    "50%": 37.75,
    "75%": 51.27,
    "max": 64.99
  },
  "Organic_Carbon": {
    "count": 630000.0,
    "mean": 0.9228580000000003,
    "std": 0.365807732203197,
    "min": 0.3,
    "25%": 0.61,
    "50%": 0.91,
    "75%": 1.22,
    "max": 1.6
  },
  "Electrical_Conductivity": {
    "count": 630000.0,
    "mean": 1.7446045396825398,
    "std": 0.9523209966285102,
    "min": 0.1,
    "25%": 0.93,
    "50%": 1.74,
    "75%": 2.58,
    "max": 3.5
  },
  "Temperature_C": {
    "count": 630000.0,
    "mean": 26.9981663015873,
    "std": 8.623620774894581,
    "min": 12.0,
    "25%": 19.5175,
    "50%": 26.96,
    "75%": 34.54,
    "max": 42.0
  },
  "Humidity": {
    "count": 630000.0,
    "mean": 61.56318004761907,
    "std": 19.7081523346472,
    "min": 25.0,
    "25%": 45.39,
    "50%": 61.65,
    "75%": 79.12,
    "max": 94.99
  },
  "Rainfall_mm": {
    "count": 630000.0,
    "mean": 1462.2075664587298,
    "std": 612.9897384056042,
    "min": 0.38,
    "25%": 954.57,
    "50%": 1467.1599999999999,
    "75%": 2054.28,
    "max": 2499.69
  },
  "Sunlight_Hours": {
    "count": 630000.0,
    "mean": 7.513382317460319,
    "std": 1.9993223768118555,
    "min": 4.0,
    "25%": 5.76,
    "50%": 7.58,
    "75%": 9.25,
    "max": 11.0
  },
  "Wind_Speed_kmh": {
    "count": 630000.0,
    "mean": 10.375394285714288,
    "std": 5.689457962436794,
    "min": 0.5,
    "25%": 5.28,
    "50%": 10.48,
    "75%": 15.43,
    "max": 20.0
  },
  "Field_Area_hectare": {
    "count": 630000.0,
    "mean": 7.517745190476187,
    "std": 4.218124078692789,
    "min": 0.3,
    "25%": 3.88,
    "50%": 7.38,
    "75%": 11.14,
    "max": 15.0
  },
  "Previous_Irrigation_mm": {
    "count": 630000.0,
    "mean": 62.31817737142859,
    "std": 34.24693939478275,
    "min": 0.02,
    "25%": 33.14,
    "50%": 61.15,
    "75%": 92.69,
    "max": 119.99
  }
}